22:49:59.615 ;1;0;10;   
22:49:59.615 ;1;0;10;   
22:49:59.615 ;1;0;10;   
22:49:59.615 ;1;0;10;   
22:49:59.615 ;1;0;10;   
22:49:59.663 ;1;0;10;   
22:49:59.663 ;1;0;10;   
22:49:59.663 ;1;0;10;   
22:49:59.663 ;1;0;10;   
22:49:59.711 ;1;0;10;   
22:49:59.711 ;1;0;10;   
22:49:59.711 ;1;0;10;   
22:49:59.711 ;1;0;10;   
22:49:59.711 ;1;0;10;   
22:49:59.759 ;1;0;10;   
22:49:59.759 ;1;0;10;   
22:49:59.759 ;1;0;10;   
22:49:59.759 ;1;0;10;   
22:49:59.759 ;1;0;10;   
22:49:59.807 ;1;0;10;   
22:49:59.807 ;1;0;10;   
22:49:59.807 ;1;0;10;   
22:49:59.807 ;1;0;10;   
22:49:59.855 ;1;0;10;   
22:49:59.855 ;1;0;10;   
22:49:59.855 ;1;0;10;   
22:49:59.855 ;1;0;10;   
22:49:59.855 ;1;0;10;   
22:49:59.903 ;1;0;10;   
22:49:59.903 ;1;0;10;   
22:49:59.903 ;1;0;10;   
22:49:59.903 ;1;0;10;   
22:49:59.903 ;1;0;10;   
22:49:59.951 ;1;0;10;   
22:49:59.951 ;1;0;10;   
22:49:59.951 ;1;0;10;   
22:49:59.951 ;1;0;10;   
22:49:59.998 ;1;0;10;   
22:49:59.998 ;1;0;10;   
22:49:59.998 ;1;0;10;   
22:49:59.998 ;1;0;10;   
22:49:59.998 ;1;0;10;   
22:50:00.045 ;1;0;10;   
22:50:00.045 ;1;0;10;   
22:50:00.045 ;1;0;10;   
22:50:00.045 ;1;0;10;   
22:50:00.092 ;1;0;10;   
22:50:00.092 ;1;0;10;   
22:50:00.092 ;1;0;10;   
22:50:00.092 ;1;0;10;   
22:50:00.092 ;1;0;10;   
22:50:00.140 ;1;0;10;   
22:50:00.140 ;1;0;10;   
22:50:00.140 ;1;0;10;   
22:50:00.140 ;1;0;10;   
22:50:00.188 ;1;0;10;   
22:50:00.188 ;1;0;10;   
22:50:00.188 ;1;0;10;   
22:50:00.188 ;1;0;10;   
22:50:00.188 ;1;0;10;   
22:50:00.236 ;1;0;10;   
22:50:00.236 ;1;0;10;   
22:50:00.236 ;1;0;10;   
22:50:00.236 ;1;0;10;   
22:50:00.236 ;1;0;10;   
22:50:00.284 ;1;0;10;   
22:50:00.284 ;1;0;10;   
22:50:00.284 ;1;0;10;   
22:50:00.284 ;1;0;10;   
22:50:00.332 ;1;0;10;   
22:50:00.332 ;1;0;10;   
22:50:00.332 ;1;0;10;   
22:50:00.332 ;1;0;10;   
22:50:00.332 ;1;0;10;   
22:50:00.380 ;1;0;10;   
22:50:00.380 ;1;0;10;   
22:50:00.380 ;1;0;10;   
22:50:00.380 ;1;0;10;   
22:50:00.380 ;1;0;10;   
22:50:00.428 ;1;0;10;   
22:50:00.428 ;1;0;10;   
22:50:00.428 ;1;0;10;   
22:50:00.428 ;1;0;10;   
22:50:00.476 ;1;0;10;   
22:50:00.476 ;1;0;10;   
22:50:00.476 ;1;0;10;   
22:50:00.476 ;1;0;10;   
22:50:00.476 ;1;0;10;   
22:50:00.523 ;1;0;10;   
22:50:00.523 ;1;0;10;   
22:50:00.523 ;1;0;10;   
22:50:00.523 ;1;0;10;   
22:50:00.523 ;1;0;10;   
22:50:00.571 ;1;0;10;   
22:50:00.571 ;1;0;10;   
22:50:00.571 ;1;0;10;   
22:50:00.571 ;1;0;10;   
22:50:00.619 ;1;0;10;   
22:50:00.619 ;1;0;10;   
22:50:00.619 ;1;0;10;   
22:50:00.619 ;1;0;10;   
22:50:00.619 ;1;0;10;   
22:50:00.667 ;1;0;10;   
22:50:00.667 ;1;0;10;   
22:50:00.667 ;1;0;10;   
22:50:00.667 ;1;0;10;   
22:50:00.715 ;1;0;10;   
22:50:00.715 ;1;0;10;   
22:50:00.715 ;1;0;10;   
22:50:00.715 ;1;0;10;   
22:50:00.715 ;1;0;10;   
22:50:00.762 ;1;0;10;   
22:50:00.762 ;1;0;10;   
22:50:00.762 ;1;0;10;   
22:50:00.762 ;1;0;10;   
22:50:00.762 ;1;0;10;   
22:50:00.810 ;1;0;10;   
22:50:00.810 ;1;0;10;   
22:50:00.810 ;1;0;10;   
22:50:00.810 ;1;0;10;   
22:50:00.857 ;1;0;10;   
22:50:00.857 ;1;0;10;   
22:50:00.857 ;1;0;10;   
22:50:00.857 ;1;0;10;   
22:50:00.857 ;1;0;10;   
22:50:00.904 ;1;0;10;   
22:50:00.904 ;1;0;10;   
22:50:00.904 ;1;0;10;   
22:50:00.904 ;1;0;10;   
22:50:00.952 ;1;0;10;   
22:50:00.952 ;1;0;10;   
22:50:00.952 ;1;0;10;   
22:50:00.952 ;1;0;10;   
22:50:00.952 ;1;0;10;   
22:50:00.999 ;1;0;10;   
22:50:00.999 ;1;0;10;   
22:50:00.999 ;1;0;10;   
22:50:00.999 ;1;0;10;   
22:50:00.999 ;1;0;10;   
22:50:01.047 ;1;0;10;   
22:50:01.047 ;1;0;10;   
22:50:01.047 ;1;0;10;   
22:50:01.047 ;1;0;10;   
22:50:01.095 ;1;0;10;   
22:50:01.095 ;1;0;10;   
22:50:01.095 ;1;0;10;   
22:50:01.095 ;1;0;10;   
22:50:01.095 ;1;0;10;   
22:50:01.143 ;1;0;10;   
22:50:01.143 ;1;0;10;   
22:50:01.143 ;1;0;10;   
22:50:01.143 ;1;0;10;   
22:50:01.143 ;1;0;10;   
22:50:01.190 ;1;0;10;   
22:50:01.190 ;1;0;10;   
22:50:01.190 ;1;0;10;   
22:50:01.190 ;1;0;10;   
22:50:01.238 ;1;0;10;   
22:50:01.238 ;1;0;10;   
22:50:01.238 ;1;0;10;   
22:50:01.238 ;1;0;10;   
22:50:01.238 ;1;0;10;   
22:50:01.286 ;1;0;10;   
22:50:01.286 ;1;0;10;   
22:50:01.286 ;1;0;10;   
22:50:01.286 ;1;0;10;   
22:50:01.334 ;1;0;10;   
22:50:01.334 ;1;0;10;   
22:50:01.334 ;1;0;10;   
22:50:01.334 ;1;0;10;   
22:50:01.334 ;1;0;10;   
22:50:01.382 ;1;0;10;   
22:50:01.382 ;1;0;10;   
22:50:01.382 ;1;0;10;   
22:50:01.382 ;1;0;10;   
22:50:01.382 ;1;0;10;   
22:50:01.429 ;1;0;10;   
22:50:01.429 ;1;0;10;   
22:50:01.429 ;1;0;10;   
22:50:01.429 ;1;0;10;   
22:50:01.477 ;1;0;10;   
22:50:01.477 ;1;0;10;   
22:50:01.477 ;1;0;10;   
22:50:01.477 ;1;0;10;   
22:50:01.477 ;1;0;10;   
22:50:01.524 ;1;0;10;   
22:50:01.524 ;1;0;10;   
22:50:01.524 ;1;0;10;   
22:50:01.524 ;1;0;10;   
22:50:01.572 ;1;0;10;   
22:50:01.572 ;1;0;10;   
22:50:01.572 ;1;0;10;   
22:50:01.572 ;1;0;10;   
22:50:01.572 ;1;0;10;   
22:50:01.620 ;1;0;10;   
22:50:01.620 ;1;0;10;   
22:50:01.620 ;1;0;10;   
22:50:01.620 ;1;0;10;   
22:50:01.620 ;1;0;10;   
22:50:01.668 ;1;0;10;   
22:50:01.668 ;1;0;10;   
22:50:01.668 ;1;0;10;   
22:50:01.668 ;1;0;10;   
22:50:01.715 ;1;0;10;   
22:50:01.715 ;1;0;10;   
22:50:01.715 ;1;0;10;   
22:50:01.715 ;1;0;10;   
22:50:01.715 ;1;0;10;   
22:50:01.762 ;1;0;10;   
22:50:01.762 ;1;0;10;   
22:50:01.762 ;1;0;10;   
22:50:01.762 ;1;0;10;   
22:50:01.810 ;1;0;10;   
22:50:01.810 ;1;0;10;   
22:50:01.810 ;1;0;10;   
22:50:01.810 ;1;0;10;   
22:50:01.810 ;1;0;10;   
22:50:01.857 ;1;0;10;   
22:50:01.857 ;1;0;10;   
22:50:01.857 ;1;0;10;   
22:50:01.857 ;1;0;10;   
22:50:01.857 ;1;0;10;   
22:50:01.904 ;1;0;10;   
22:50:01.904 ;1;0;10;   
22:50:01.904 ;1;0;10;   
22:50:01.904 ;1;0;10;   
22:50:01.952 ;1;0;10;   
22:50:01.952 ;1;0;10;   
22:50:01.952 ;1;0;10;   
22:50:01.952 ;1;0;10;   
22:50:01.952 ;1;0;10;   
22:50:01.999 ;1;0;10;   
22:50:01.999 ;1;0;10;   
22:50:01.999 ;1;0;10;   
22:50:01.999 ;1;0;10;   
22:50:02.047 ;1;0;10;   
22:50:02.047 ;1;0;10;   
22:50:02.047 ;0;0;10;   
22:50:02.047 ;1;0;11;   
22:50:02.047 ;1;0;10;   
22:50:02.095 ;1;0;10;   
22:50:02.095 ;0;0;10;   
22:50:02.095 ;0;0;10;   
22:50:02.095 ;1;0;10;   
22:50:02.095 ;1;0;10;   
22:50:02.142 ;1;0;10;   
22:50:02.142 ;1;0;10;   
22:50:02.142 ;1;0;10;   
22:50:02.142 ;1;0;10;   
22:50:02.190 ;1;0;10;   
22:50:02.190 ;1;0;10;   
22:50:02.190 ;1;0;10;   
22:50:02.190 ;1;0;10;   
22:50:02.190 ;1;0;10;   
22:50:02.238 ;1;0;10;   
22:50:02.238 ;1;0;10;   
22:50:02.238 ;1;0;10;   
22:50:02.238 ;1;0;10;   
22:50:02.238 ;1;0;10;   
22:50:02.285 ;1;0;10;   
22:50:02.285 ;1;0;10;   
22:50:02.285 ;1;0;10;   
22:50:02.285 ;1;0;10;   
22:50:02.333 ;1;0;10;   
22:50:02.333 ;1;0;10;   
22:50:02.333 ;1;0;10;   
22:50:02.333 ;1;0;10;   
22:50:02.333 ;1;0;10;   
22:50:02.381 ;1;0;10;   
22:50:02.381 ;1;0;10;   
22:50:02.381 ;1;0;10;   
22:50:02.381 ;1;0;10;   
22:50:02.428 ;1;0;10;   
22:50:02.428 ;1;0;10;   
22:50:02.428 ;1;0;10;   
22:50:02.428 ;1;0;10;   
22:50:02.428 ;1;0;10;   
22:50:02.475 ;1;0;10;   
22:50:02.475 ;1;0;10;   
22:50:02.475 ;1;0;10;   
22:50:02.475 ;1;0;10;   
22:50:02.522 ;1;0;10;   
22:50:02.522 ;1;0;10;   
22:50:02.522 ;1;0;10;   
22:50:02.522 ;1;0;10;   
22:50:02.522 ;1;0;10;   
22:50:02.570 ;1;0;10;   
22:50:02.570 ;1;0;10;   
22:50:02.570 ;1;0;10;   
22:50:02.570 ;1;0;10;   
22:50:02.570 ;1;0;10;   
22:50:02.617 ;1;0;10;   
22:50:02.617 ;1;0;10;   
22:50:02.617 ;1;0;10;   
22:50:02.617 ;1;0;10;   
22:50:02.665 ;1;0;10;   
22:50:02.665 ;1;0;10;   
22:50:02.665 ;1;0;10;   
22:50:02.665 ;1;0;10;   
22:50:02.665 ;1;0;10;   
22:50:02.712 ;1;0;10;   
22:50:02.712 ;1;0;10;   
22:50:02.712 ;1;0;10;   
22:50:02.712 ;1;0;10;   
22:50:02.760 ;1;0;10;   
22:50:02.760 ;1;0;10;   
22:50:02.760 ;1;0;10;   
22:50:02.760 ;1;0;10;   
22:50:02.760 ;1;0;10;   
22:50:02.807 ;1;0;10;   
22:50:02.807 ;1;0;10;   
22:50:02.807 ;1;0;10;   
22:50:02.807 ;1;0;10;   
22:50:02.807 ;1;0;10;   
22:50:02.855 ;1;0;10;   
22:50:02.855 ;1;0;10;   
22:50:02.855 ;1;0;10;   
22:50:02.855 ;1;0;10;   
22:50:02.903 ;1;0;10;   
22:50:02.903 ;1;0;10;   
22:50:02.903 ;1;0;10;   
22:50:02.903 ;1;0;10;   
22:50:02.903 ;1;0;10;   
22:50:02.950 ;1;0;10;   
22:50:02.950 ;1;0;10;   
22:50:02.950 ;1;0;10;   
22:50:02.950 ;1;0;10;   
22:50:02.998 ;1;0;10;   
22:50:02.998 ;1;0;10;   
22:50:02.998 ;1;0;10;   
22:50:02.998 ;1;0;10;   
22:50:02.998 ;1;0;10;   
22:50:03.046 ;1;0;10;   
22:50:03.046 ;1;0;10;   
22:50:03.046 ;1;0;10;   
22:50:03.046 ;1;0;10;   
22:50:03.046 ;1;0;10;   
22:50:03.094 ;1;0;10;   
22:50:03.094 ;1;0;10;   
22:50:03.094 ;1;0;10;   
22:50:03.094 ;1;0;10;   
22:50:03.142 ;1;0;10;   
22:50:03.142 ;1;0;10;   
22:50:03.142 ;1;0;10;   
22:50:03.142 ;1;0;10;   
22:50:03.142 ;1;0;10;   
22:50:03.189 ;1;0;10;   
22:50:03.189 ;1;0;10;   
22:50:03.189 ;1;0;11;   
22:50:03.189 ;1;0;10;   
22:50:03.189 ;1;0;11;   
22:50:03.237 ;1;0;10;   
22:50:03.237 ;1;0;10;   
22:50:03.237 ;1;0;10;   
22:50:03.237 ;1;0;10;   
22:50:03.284 ;1;0;10;   
22:50:03.284 ;1;0;11;   
22:50:03.284 ;1;0;10;   
22:50:03.284 ;1;0;10;   
22:50:03.284 ;1;0;10;   
22:50:03.332 ;1;0;10;   
22:50:03.332 ;1;0;10;   
22:50:03.332 ;1;0;10;   
22:50:03.332 ;1;0;10;   
22:50:03.380 ;1;0;11;   
22:50:03.380 ;1;0;10;   
22:50:03.380 ;1;0;10;   
22:50:03.380 ;1;0;10;   
22:50:03.380 ;1;0;10;   
22:50:03.428 ;1;0;10;   
22:50:03.428 ;1;0;10;   
22:50:03.428 ;1;1;10;   
22:50:03.428 ;1;0;10;   
22:50:03.428 ;1;0;10;   
22:50:03.475 ;1;0;11;   
22:50:03.475 ;1;0;9;   
22:50:03.475 ;1;1;10;   
22:50:03.475 ;1;0;10;   
22:50:03.522 ;1;0;11;   
22:50:03.522 ;1;0;10;   
22:50:03.522 ;1;0;10;   
22:50:03.522 ;1;1;10;   
22:50:03.522 ;1;0;10;   
22:50:03.569 ;1;0;10;   
22:50:03.569 ;1;0;10;   
22:50:03.569 ;1;0;10;   
22:50:03.569 ;1;0;10;   
22:50:03.617 ;1;0;10;   
22:50:03.617 ;1;0;11;   
22:50:03.617 ;1;0;10;   
22:50:03.617 ;1;0;10;   
22:50:03.617 ;1;0;10;   
22:50:03.665 ;1;0;10;   
22:50:03.665 ;1;0;10;   
22:50:03.665 ;1;0;10;   
22:50:03.665 ;0;0;10;   
22:50:03.665 ;0;0;11;   
22:50:03.712 ;1;1;11;   
22:50:03.712 ;1;0;11;   
22:50:03.712 ;1;0;10;   
22:50:03.712 ;1;0;10;   
22:50:03.760 ;1;0;10;   
22:50:03.760 ;1;0;10;   
22:50:03.760 ;1;0;10;   
22:50:03.760 ;1;0;10;   
22:50:03.760 ;1;0;10;   
22:50:03.808 ;1;0;10;   
22:50:03.808 ;1;0;10;   
22:50:03.808 ;1;0;10;   
22:50:03.808 ;1;0;11;   
22:50:03.856 ;1;0;10;   
22:50:03.856 ;1;0;10;   
22:50:03.856 ;1;0;10;   
22:50:03.856 ;1;0;10;   
22:50:03.856 ;1;0;9;   
22:50:03.904 ;1;0;10;   
22:50:03.904 ;0;0;10;   
22:50:03.904 ;1;0;11;   
22:50:03.904 ;1;0;11;   
22:50:03.904 ;1;0;10;   
22:50:03.952 ;1;0;10;   
22:50:03.952 ;1;0;10;   
22:50:03.952 ;1;0;10;   
22:50:03.952 ;1;0;10;   
22:50:04.000 ;1;0;10;   
22:50:04.000 ;1;0;10;   
22:50:04.000 ;1;0;10;   
22:50:04.000 ;0;0;10;   
22:50:04.000 ;1;0;9;   
22:50:04.048 ;1;0;10;   
22:50:04.048 ;1;0;10;   
22:50:04.048 ;1;0;10;   
22:50:04.048 ;1;0;11;   
22:50:04.048 ;1;0;11;   
22:50:04.095 ;1;0;10;   
22:50:04.095 ;1;1;10;   
22:50:04.095 ;0;0;9;   
22:50:04.095 ;1;1;11;   
22:50:04.143 ;1;0;10;   
22:50:04.143 ;1;0;10;   
22:50:04.143 ;1;0;11;   
22:50:04.143 ;1;0;11;   
22:50:04.143 ;1;0;10;   
22:50:04.191 ;1;0;10;   
22:50:04.191 ;1;0;10;   
22:50:04.191 ;1;0;10;   
22:50:04.191 ;0;0;10;   
22:50:04.239 ;0;0;10;   
22:50:04.239 ;0;0;10;   
22:50:04.239 ;1;0;10;   
22:50:04.239 ;1;0;10;   
22:50:04.239 ;1;0;10;   
22:50:04.287 ;1;0;10;   
22:50:04.287 ;1;0;10;   
22:50:04.287 ;1;0;10;   
22:50:04.287 ;1;0;11;   
22:50:04.287 ;1;0;10;   
22:50:04.334 ;1;0;10;   
22:50:04.334 ;1;0;10;   
22:50:04.334 ;1;0;10;   
22:50:04.334 ;1;0;10;   
22:50:04.382 ;1;0;10;   
22:50:04.382 ;1;0;10;   
22:50:04.382 ;1;0;10;   
22:50:04.382 ;1;0;10;   
22:50:04.382 ;1;0;10;   
22:50:04.429 ;1;0;10;   
22:50:04.429 ;1;0;10;   
22:50:04.429 ;1;0;10;   
22:50:04.429 ;1;0;10;   
22:50:04.429 ;1;0;10;   
22:50:04.477 ;1;0;10;   
22:50:04.477 ;1;0;10;   
22:50:04.477 ;1;0;10;   
22:50:04.477 ;1;0;10;   
22:50:04.524 ;1;0;10;   
22:50:04.524 ;1;0;10;   
22:50:04.524 ;1;0;10;   
22:50:04.524 ;1;0;10;   
22:50:04.524 ;1;0;10;   
22:50:04.571 ;1;0;10;   
22:50:04.571 ;1;0;10;   
22:50:04.571 ;1;0;10;   
22:50:04.571 ;1;0;10;   
22:50:04.619 ;1;0;10;   
22:50:04.619 ;1;0;10;   
22:50:04.619 ;1;0;10;   
22:50:04.619 ;1;0;10;   
22:50:04.619 ;1;0;10;   
22:50:04.666 ;1;0;10;   
22:50:04.666 ;1;0;10;   
22:50:04.666 ;1;0;10;   
22:50:04.666 ;1;0;10;   
22:50:04.713 ;1;0;10;   
22:50:04.713 ;1;0;10;   
22:50:04.713 ;1;0;10;   
22:50:04.713 ;1;0;10;   
22:50:04.713 ;0;0;10;   
22:50:04.761 ;1;0;10;   
22:50:04.761 ;1;0;10;   
22:50:04.761 ;0;0;10;   
22:50:04.761 ;2;0;10;   
22:50:04.761 ;1;0;10;   
22:50:04.808 ;0;0;10;   
22:50:04.808 ;0;0;11;   
22:50:04.808 ;0;0;10;   
22:50:04.808 ;0;0;10;   
22:50:04.856 ;1;0;10;   
22:50:04.856 ;0;0;10;   
22:50:04.856 ;0;0;10;   
22:50:04.856 ;0;0;10;   
22:50:04.856 ;0;0;10;   
22:50:04.903 ;0;0;10;   
22:50:04.903 ;0;0;10;   
22:50:04.903 ;0;0;10;   
22:50:04.903 ;0;0;11;   
22:50:04.950 ;0;0;11;   
22:50:04.950 ;0;0;11;   
22:50:04.950 ;0;0;11;   
22:50:04.950 ;0;0;10;   
22:50:04.950 ;1;0;9;   
22:50:04.997 ;1;0;10;   
22:50:04.997 ;0;0;10;   
22:50:04.997 ;0;0;10;   
22:50:04.997 ;0;0;10;   
22:50:05.044 ;0;0;10;   
22:50:05.044 ;0;0;10;   
22:50:05.044 ;0;0;10;   
22:50:05.044 ;0;0;10;   
22:50:05.044 ;0;0;11;   
22:50:05.092 ;0;0;11;   
22:50:05.092 ;0;0;10;   
22:50:05.092 ;0;0;10;   
22:50:05.092 ;0;0;10;   
22:50:05.092 ;1;0;10;   
22:50:05.139 ;0;0;10;   
22:50:05.139 ;0;0;10;   
22:50:05.139 ;0;0;10;   
22:50:05.139 ;0;0;10;   
22:50:05.187 ;0;0;10;   
22:50:05.187 ;1;0;10;   
22:50:05.187 ;1;0;10;   
22:50:05.187 ;1;0;10;   
22:50:05.187 ;1;0;10;   
22:50:05.234 ;0;0;10;   
22:50:05.234 ;0;0;10;   
22:50:05.234 ;0;0;10;   
22:50:05.234 ;1;0;10;   
22:50:05.282 ;1;0;10;   
22:50:05.282 ;1;0;10;   
22:50:05.282 ;1;0;10;   
22:50:05.282 ;1;0;10;   
22:50:05.282 ;1;0;10;   
22:50:05.330 ;1;0;10;   
22:50:05.330 ;1;0;10;   
22:50:05.330 ;1;0;10;   
22:50:05.330 ;1;0;10;   
22:50:05.330 ;1;0;10;   
22:50:05.378 ;1;0;10;   
22:50:05.378 ;1;0;10;   
22:50:05.378 ;1;0;10;   
22:50:05.378 ;1;0;10;   
22:50:05.426 ;1;0;10;   
22:50:05.426 ;1;0;10;   
22:50:05.426 ;2;0;10;   
22:50:05.426 ;2;0;10;   
22:50:05.426 ;1;0;10;   
22:50:05.474 ;1;0;10;   
22:50:05.474 ;1;0;10;   
22:50:05.474 ;1;0;10;   
22:50:05.474 ;2;0;10;   
22:50:05.474 ;2;0;10;   
22:50:05.522 ;2;0;10;   
22:50:05.522 ;1;0;10;   
22:50:05.522 ;2;0;10;   
22:50:05.522 ;2;0;11;   
22:50:05.570 ;2;0;10;   
22:50:05.570 ;1;0;10;   
22:50:05.570 ;2;0;10;   
22:50:05.570 ;2;0;10;   
22:50:05.570 ;2;0;10;   
22:50:05.617 ;1;0;10;   
22:50:05.617 ;1;0;10;   
22:50:05.617 ;1;0;10;   
22:50:05.617 ;1;0;10;   
22:50:05.664 ;1;0;10;   
22:50:05.664 ;1;0;10;   
22:50:05.664 ;1;0;10;   
22:50:05.664 ;1;0;10;   
22:50:05.664 ;1;0;10;   
22:50:05.712 ;1;0;10;   
22:50:05.712 ;1;0;10;   
22:50:05.712 ;1;0;10;   
22:50:05.712 ;1;0;10;   
22:50:05.712 ;1;0;10;   
22:50:05.760 ;1;0;10;   
22:50:05.760 ;1;0;10;   
22:50:05.760 ;1;0;10;   
22:50:05.760 ;1;0;10;   
22:50:05.807 ;1;0;10;   
22:50:05.807 ;1;0;10;   
22:50:05.807 ;0;0;10;   
22:50:05.807 ;1;0;11;   
22:50:05.807 ;1;0;10;   
22:50:05.855 ;1;0;10;   
22:50:05.855 ;0;0;10;   
22:50:05.855 ;1;0;10;   
22:50:05.855 ;1;0;10;   
22:50:05.903 ;1;0;10;   
22:50:05.903 ;0;0;10;   
22:50:05.903 ;1;0;9;   
22:50:05.903 ;1;0;10;   
22:50:05.903 ;0;0;11;   
22:50:05.951 ;1;0;10;   
22:50:05.951 ;1;0;10;   
22:50:05.951 ;1;0;10;   
22:50:05.951 ;1;0;10;   
22:50:05.951 ;1;0;10;   
22:50:05.999 ;1;0;10;   
22:50:05.999 ;1;0;10;   
22:50:05.999 ;1;0;10;   
22:50:05.999 ;1;0;10;   
22:50:06.047 ;1;0;10;   
22:50:06.047 ;1;0;10;   
22:50:06.047 ;1;0;10;   
22:50:06.047 ;1;0;10;   
22:50:06.047 ;1;0;10;   
22:50:06.095 ;1;0;10;   
22:50:06.095 ;1;0;10;   
22:50:06.095 ;1;0;10;   
22:50:06.095 ;1;0;10;   
22:50:06.095 ;1;0;10;   
22:50:06.143 ;1;0;10;   
22:50:06.143 ;1;0;10;   
22:50:06.143 ;1;0;10;   
22:50:06.143 ;1;0;10;   
22:50:06.190 ;1;0;10;   
22:50:06.190 ;1;0;10;   
22:50:06.190 ;1;0;10;   
22:50:06.190 ;1;0;10;   
22:50:06.190 ;1;0;10;   
22:50:06.238 ;1;0;10;   
22:50:06.238 ;1;0;10;   
22:50:06.238 ;1;0;10;   
22:50:06.238 ;1;0;10;   
22:50:06.238 ;1;0;10;   
22:50:06.286 ;1;0;10;   
22:50:06.286 ;1;0;10;   
22:50:06.286 ;1;0;10;   
22:50:06.286 ;1;0;10;   
22:50:06.334 ;1;0;10;   
22:50:06.334 ;1;0;10;   
22:50:06.334 ;1;0;10;   
22:50:06.334 ;1;0;10;   
22:50:06.334 ;1;0;10;   
22:50:06.382 ;1;0;10;   
22:50:06.382 ;1;0;10;   
22:50:06.382 ;1;0;10;   
22:50:06.382 ;1;0;10;   
22:50:06.430 ;1;0;10;   
22:50:06.430 ;1;0;10;   
22:50:06.430 ;1;0;10;   
22:50:06.430 ;1;0;10;   
22:50:06.430 ;1;0;10;   
22:50:06.478 ;1;0;10;   
22:50:06.478 ;1;0;10;   
22:50:06.478 ;1;0;10;   
22:50:06.478 ;1;0;10;   
22:50:06.478 ;1;0;10;   
22:50:06.526 ;1;0;10;   
22:50:06.526 ;1;0;10;   
22:50:06.526 ;1;0;10;   
22:50:06.526 ;1;0;10;   
22:50:06.574 ;1;0;10;   
22:50:06.574 ;1;0;10;   
22:50:06.574 ;1;0;11;   
22:50:06.574 ;1;0;10;   
22:50:06.574 ;1;0;10;   
22:50:06.622 ;1;0;10;   
22:50:06.622 ;1;0;10;   
22:50:06.622 ;1;0;10;   
22:50:06.622 ;1;0;10;   
22:50:06.622 ;1;0;10;   
22:50:06.670 ;1;0;10;   
22:50:06.670 ;1;0;10;   
22:50:06.670 ;1;0;11;   
22:50:06.670 ;1;0;10;   
22:50:06.717 ;1;0;10;   
22:50:06.717 ;1;0;10;   
22:50:06.717 ;2;0;10;   
22:50:06.717 ;1;0;10;   
22:50:06.717 ;1;0;10;   
22:50:06.765 ;1;0;10;   
22:50:06.765 ;1;0;10;   
22:50:06.765 ;1;0;10;   
22:50:06.765 ;1;0;10;   
22:50:06.765 ;1;0;11;   
22:50:06.812 ;1;0;11;   
22:50:06.812 ;1;1;10;   
22:50:06.812 ;1;0;10;   
22:50:06.812 ;1;0;9;   
22:50:06.860 ;1;0;10;   
22:50:06.860 ;1;0;10;   
22:50:06.860 ;1;0;10;   
22:50:06.860 ;1;0;10;   
22:50:06.860 ;1;0;10;   
22:50:06.907 ;1;0;10;   
22:50:06.907 ;1;0;10;   
22:50:06.907 ;1;0;11;   
22:50:06.907 ;1;0;10;   
22:50:06.955 ;1;0;10;   
22:50:06.955 ;1;0;10;   
22:50:06.955 ;1;0;10;   
22:50:06.955 ;1;0;10;   
22:50:06.955 ;1;0;10;   
22:50:07.003 ;1;0;10;   
22:50:07.003 ;1;0;10;   
22:50:07.003 ;1;0;11;   
22:50:07.003 ;0;0;11;   
22:50:07.003 ;0;0;10;   
22:50:07.051 ;0;0;10;   
22:50:07.051 ;1;0;10;   
22:50:07.051 ;1;0;10;   
22:50:07.051 ;0;0;10;   
22:50:07.099 ;0;0;10;   
22:50:07.099 ;1;0;10;   
22:50:07.099 ;0;0;10;   
22:50:07.099 ;0;0;10;   
22:50:07.099 ;1;1;10;   
22:50:07.147 ;0;0;10;   
22:50:07.147 ;0;0;10;   
22:50:07.147 ;0;0;11;   
22:50:07.147 ;0;0;10;   
22:50:07.195 ;0;0;10;   
22:50:07.195 ;0;0;10;   
22:50:07.195 ;0;0;10;   
22:50:07.195 ;0;0;10;   
22:50:07.195 ;0;0;10;   
22:50:07.243 ;0;1;10;   
22:50:07.243 ;-1;0;10;   
22:50:07.243 ;-1;0;11;   
22:50:07.243 ;-1;0;10;   
22:50:07.243 ;-1;0;10;   
22:50:07.290 ;0;0;10;   
22:50:07.290 ;0;0;10;   
22:50:07.290 ;-1;0;10;   
22:50:07.290 ;-1;0;10;   
22:50:07.338 ;-1;0;10;   
22:50:07.338 ;-1;0;10;   
22:50:07.338 ;-1;0;10;   
22:50:07.338 ;-1;0;10;   
22:50:07.338 ;-1;0;10;   
22:50:07.385 ;0;0;10;   
22:50:07.385 ;0;0;10;   
22:50:07.385 ;-1;0;10;   
22:50:07.385 ;-1;0;10;   
22:50:07.385 ;-1;0;10;   
22:50:07.433 ;-1;0;10;   
22:50:07.433 ;-1;0;10;   
22:50:07.433 ;0;0;10;   
22:50:07.433 ;0;0;10;   
22:50:07.481 ;0;0;10;   
22:50:07.481 ;0;1;10;   
22:50:07.481 ;0;0;10;   
22:50:07.481 ;0;1;10;   
22:50:07.481 ;0;0;10;   
22:50:07.528 ;0;0;10;   
22:50:07.528 ;0;0;10;   
22:50:07.528 ;0;0;10;   
22:50:07.528 ;0;0;10;   
22:50:07.576 ;1;0;10;   
22:50:07.576 ;0;0;10;   
22:50:07.576 ;0;0;10;   
22:50:07.576 ;0;0;11;   
22:50:07.576 ;0;0;10;   
22:50:07.624 ;0;0;10;   
22:50:07.624 ;0;0;10;   
22:50:07.624 ;1;0;10;   
22:50:07.624 ;1;0;10;   
22:50:07.624 ;1;0;10;   
22:50:07.672 ;1;0;10;   
22:50:07.672 ;0;0;10;   
22:50:07.672 ;1;0;10;   
22:50:07.672 ;0;0;10;   
22:50:07.720 ;0;0;10;   
22:50:07.720 ;0;0;10;   
22:50:07.720 ;1;0;10;   
22:50:07.720 ;1;0;10;   
22:50:07.720 ;1;0;10;   
22:50:07.767 ;0;0;10;   
22:50:07.767 ;0;0;10;   
22:50:07.767 ;0;0;10;   
22:50:07.767 ;0;0;10;   
22:50:07.815 ;0;0;10;   
22:50:07.815 ;0;0;10;   
22:50:07.815 ;0;0;10;   
22:50:07.815 ;0;0;10;   
22:50:07.815 ;1;0;10;   
22:50:07.862 ;0;0;10;   
22:50:07.862 ;0;0;10;   
22:50:07.862 ;0;0;10;   
22:50:07.862 ;0;0;10;   
22:50:07.862 ;1;0;10;   
22:50:07.910 ;0;0;10;   
22:50:07.910 ;0;0;10;   
22:50:07.910 ;0;0;10;   
22:50:07.910 ;0;0;10;   
22:50:07.958 ;0;0;10;   
22:50:07.958 ;0;0;10;   
22:50:07.958 ;0;0;10;   
22:50:07.958 ;0;1;10;   
22:50:07.958 ;0;1;10;   
22:50:08.006 ;0;0;10;   
22:50:08.006 ;0;0;10;   
22:50:08.006 ;0;0;10;   
22:50:08.006 ;0;0;10;   
22:50:08.006 ;0;0;10;   
22:50:08.054 ;0;0;10;   
22:50:08.054 ;0;0;10;   
22:50:08.054 ;0;0;10;   
22:50:08.054 ;0;0;10;   
22:50:08.102 ;0;0;10;   
22:50:08.102 ;0;0;10;   
22:50:08.102 ;0;0;10;   
22:50:08.102 ;0;0;10;   
22:50:08.102 ;0;0;10;   
22:50:08.150 ;0;0;10;   
22:50:08.150 ;0;1;10;   
22:50:08.150 ;0;0;10;   
22:50:08.150 ;0;0;11;   
22:50:08.150 ;0;0;11;   
22:50:08.198 ;0;0;10;   
22:50:08.198 ;0;0;10;   
22:50:08.198 ;0;0;10;   
22:50:08.198 ;0;0;10;   
22:50:08.245 ;0;0;10;   
22:50:08.245 ;0;0;10;   
22:50:08.245 ;0;0;10;   
22:50:08.245 ;0;0;10;   
22:50:08.245 ;0;0;10;   
22:50:08.293 ;0;0;10;   
22:50:08.293 ;0;0;10;   
22:50:08.293 ;0;0;10;   
22:50:08.293 ;0;0;10;   
22:50:08.341 ;0;1;10;   
22:50:08.341 ;0;1;10;   
22:50:08.341 ;0;0;10;   
22:50:08.341 ;0;0;10;   
22:50:08.341 ;0;0;10;   
22:50:08.388 ;0;0;10;   
22:50:08.388 ;0;0;10;   
22:50:08.388 ;0;0;10;   
22:50:08.388 ;0;0;10;   
22:50:08.388 ;0;0;10;   
22:50:08.435 ;1;0;10;   
22:50:08.435 ;1;0;10;   
22:50:08.435 ;1;0;10;   
22:50:08.435 ;0;0;10;   
22:50:08.482 ;0;0;10;   
22:50:08.482 ;0;0;10;   
22:50:08.482 ;0;0;10;   
22:50:08.482 ;1;0;10;   
22:50:08.482 ;1;0;10;   
22:50:08.530 ;0;0;10;   
22:50:08.530 ;0;0;10;   
22:50:08.530 ;0;0;10;   
22:50:08.530 ;1;1;10;   
22:50:08.578 ;0;0;10;   
22:50:08.578 ;1;1;10;   
22:50:08.578 ;1;0;10;   
22:50:08.578 ;1;0;10;   
22:50:08.578 ;1;0;10;   
22:50:08.626 ;1;0;10;   
22:50:08.626 ;1;0;10;   
22:50:08.626 ;1;0;10;   
22:50:08.626 ;1;0;10;   
22:50:08.626 ;1;0;10;   
22:50:08.673 ;1;0;10;   
22:50:08.673 ;2;0;10;   
22:50:08.673 ;2;1;10;   
22:50:08.673 ;2;1;10;   
22:50:08.721 ;2;1;10;   
22:50:08.721 ;3;1;10;   
22:50:08.721 ;2;1;10;   
22:50:08.721 ;1;1;12;   
22:50:08.721 ;2;1;11;   
22:50:08.769 ;2;0;9;   
22:50:08.769 ;2;0;10;   
22:50:08.769 ;1;1;10;   
22:50:08.769 ;1;0;10;   
22:50:08.817 ;1;0;10;   
22:50:08.817 ;1;1;10;   
22:50:08.817 ;1;0;10;   
22:50:08.817 ;1;0;10;   
22:50:08.817 ;1;0;10;   
22:50:08.865 ;1;0;10;   
22:50:08.865 ;1;0;10;   
22:50:08.865 ;1;0;10;   
22:50:08.865 ;1;0;10;   
22:50:08.865 ;1;0;10;   
22:50:08.913 ;1;0;10;   
22:50:08.913 ;1;0;10;   
22:50:08.913 ;1;0;10;   
22:50:08.913 ;1;0;10;   
22:50:08.961 ;0;0;10;   
22:50:08.961 ;1;0;10;   
22:50:08.961 ;1;0;10;   
22:50:08.961 ;1;0;10;   
22:50:08.961 ;1;0;10;   
22:50:09.009 ;1;0;10;   
22:50:09.009 ;1;0;10;   
22:50:09.009 ;1;0;10;   
22:50:09.009 ;1;0;10;   
22:50:09.009 ;1;0;10;   
22:50:09.057 ;1;0;10;   
22:50:09.057 ;1;0;10;   
22:50:09.057 ;1;0;10;   
22:50:09.057 ;1;0;10;   
22:50:09.105 ;1;0;10;   
22:50:09.105 ;1;0;10;   
22:50:09.105 ;1;0;10;   
22:50:09.105 ;1;0;10;   
22:50:09.105 ;1;0;10;   
22:50:09.153 ;1;0;10;   
22:50:09.153 ;1;0;10;   
22:50:09.153 ;1;0;10;   
22:50:09.153 ;1;0;10;   
22:50:09.153 ;1;0;10;   
22:50:09.201 ;1;0;10;   
22:50:09.201 ;1;0;10;   
22:50:09.201 ;1;0;10;   
22:50:09.201 ;1;0;10;   
22:50:09.249 ;1;0;10;   
22:50:09.249 ;1;0;10;   
22:50:09.249 ;1;0;10;   
22:50:09.249 ;1;0;10;   
22:50:09.249 ;1;0;10;   
22:50:09.297 ;1;0;10;   
22:50:09.297 ;1;0;10;   
22:50:09.297 ;1;0;10;   
22:50:09.297 ;1;0;10;   
22:50:09.345 ;1;0;10;   
22:50:09.345 ;1;0;10;   
22:50:09.345 ;1;0;10;   
22:50:09.345 ;1;0;10;   
22:50:09.345 ;1;0;10;   
22:50:09.393 ;1;0;10;   
22:50:09.393 ;1;0;10;   
22:50:09.393 ;1;0;10;   
22:50:09.393 ;1;0;10;   
22:50:09.393 ;1;0;10;   
22:50:09.440 ;1;0;10;   
22:50:09.440 ;1;0;10;   
22:50:09.440 ;1;0;10;   
22:50:09.440 ;1;0;10;   
22:50:09.488 ;1;0;10;   
22:50:09.488 ;1;0;10;   
22:50:09.488 ;1;0;10;   
22:50:09.488 ;1;0;10;   
22:50:09.488 ;1;0;10;   
22:50:09.536 ;1;0;10;   
22:50:09.536 ;1;0;10;   
22:50:09.536 ;1;0;10;   
22:50:09.536 ;1;0;10;   
22:50:09.536 ;1;0;10;   
22:50:09.584 ;1;0;10;   
22:50:09.584 ;1;0;10;   
22:50:09.584 ;1;0;10;   
22:50:09.584 ;1;0;10;   
22:50:09.632 ;1;0;10;   
22:50:09.632 ;1;1;10;   
22:50:09.632 ;1;0;10;   
22:50:09.632 ;1;0;10;   
22:50:09.632 ;1;0;10;   
22:50:09.680 ;1;0;10;   
22:50:09.680 ;1;0;10;   
22:50:09.680 ;1;0;10;   
22:50:09.680 ;1;0;10;   
22:50:09.680 ;1;0;10;   
22:50:09.728 ;1;0;10;   
22:50:09.728 ;1;0;10;   
22:50:09.728 ;1;0;10;   
22:50:09.728 ;1;0;11;   
22:50:09.776 ;1;0;10;   
22:50:09.776 ;1;0;10;   
22:50:09.776 ;2;0;10;   
22:50:09.776 ;1;0;10;   
22:50:09.776 ;1;0;10;   
22:50:09.823 ;1;0;10;   
22:50:09.823 ;1;0;10;   
22:50:09.823 ;1;0;10;   
22:50:09.823 ;1;0;10;   
22:50:09.869 ;1;0;10;   
22:50:09.869 ;1;0;10;   
22:50:09.869 ;1;1;10;   
22:50:09.869 ;1;0;10;   
22:50:09.869 ;1;0;10;   
22:50:09.917 ;1;0;10;   
22:50:09.917 ;1;0;10;   
22:50:09.917 ;1;0;10;   
22:50:09.917 ;1;0;10;   
22:50:09.965 ;1;0;10;   
22:50:09.965 ;1;0;10;   
22:50:09.965 ;1;0;10;   
22:50:09.965 ;1;0;10;   
22:50:09.965 ;1;0;10;   
22:50:10.012 ;1;0;10;   
22:50:10.012 ;1;0;10;   
22:50:10.012 ;1;0;10;   
22:50:10.012 ;1;0;10;   
22:50:10.012 ;1;1;10;   
22:50:10.060 ;1;1;10;   
22:50:10.060 ;0;0;10;   
22:50:10.060 ;1;0;10;   
22:50:10.060 ;1;0;10;   
22:50:10.107 ;1;0;10;   
22:50:10.107 ;0;0;10;   
22:50:10.107 ;0;0;10;   
22:50:10.107 ;0;0;10;   
22:50:10.107 ;1;0;10;   
22:50:10.155 ;0;0;10;   
22:50:10.155 ;0;0;11;   
22:50:10.155 ;0;0;11;   
22:50:10.155 ;0;0;10;   
22:50:10.155 ;0;0;10;   
22:50:10.203 ;0;0;10;   
22:50:10.203 ;0;0;10;   
22:50:10.203 ;0;1;10;   
22:50:10.203 ;0;1;10;   
22:50:10.251 ;0;0;10;   
22:50:10.251 ;-1;0;10;   
22:50:10.251 ;-1;0;10;   
22:50:10.251 ;-1;0;10;   
22:50:10.251 ;0;0;10;   
22:50:10.299 ;-1;0;10;   
22:50:10.299 ;-1;1;11;   
22:50:10.299 ;-1;1;10;   
22:50:10.299 ;0;1;10;   
22:50:10.347 ;0;0;10;   
22:50:10.347 ;0;0;10;   
22:50:10.347 ;-1;0;10;   
22:50:10.347 ;-1;0;10;   
22:50:10.347 ;-1;0;10;   
22:50:10.395 ;-1;0;10;   
22:50:10.395 ;-1;0;10;   
22:50:10.395 ;0;0;10;   
22:50:10.395 ;0;0;10;   
22:50:10.395 ;0;0;10;   
22:50:10.442 ;0;0;10;   
22:50:10.442 ;0;0;10;   
22:50:10.442 ;0;0;11;   
22:50:10.442 ;0;0;10;   
22:50:10.489 ;0;0;10;   
22:50:10.489 ;0;0;10;   
22:50:10.489 ;0;0;10;   
22:50:10.489 ;0;0;10;   
22:50:10.489 ;0;0;10;   
22:50:10.537 ;0;0;10;   
22:50:10.537 ;0;0;10;   
22:50:10.537 ;0;1;11;   
22:50:10.537 ;0;0;10;   
22:50:10.584 ;0;0;10;   
22:50:10.584 ;1;0;10;   
22:50:10.584 ;1;0;10;   
22:50:10.584 ;1;0;10;   
22:50:10.584 ;1;1;10;   
22:50:10.630 ;1;1;10;   
22:50:10.630 ;1;1;10;   
22:50:10.630 ;1;1;10;   
22:50:10.630 ;1;1;10;   
22:50:10.678 ;1;0;10;   
22:50:10.678 ;1;0;10;   
22:50:10.678 ;1;0;10;   
22:50:10.678 ;1;0;10;   
22:50:10.678 ;1;0;10;   
22:50:10.726 ;1;0;10;   
22:50:10.726 ;1;0;10;   
22:50:10.726 ;1;0;10;   
22:50:10.726 ;1;0;10;   
22:50:10.726 ;1;0;10;   
22:50:10.773 ;1;0;10;   
22:50:10.773 ;1;0;10;   
22:50:10.773 ;1;0;10;   
22:50:10.773 ;1;0;10;   
22:50:10.820 ;1;0;10;   
22:50:10.820 ;1;1;10;   
22:50:10.820 ;1;0;10;   
22:50:10.820 ;1;0;10;   
22:50:10.820 ;1;0;10;   
22:50:10.867 ;1;0;10;   
22:50:10.867 ;1;0;10;   
22:50:10.867 ;1;0;10;   
22:50:10.867 ;1;0;10;   
22:50:10.914 ;1;0;10;   
22:50:10.914 ;1;0;10;   
22:50:10.914 ;1;0;10;   
22:50:10.914 ;1;0;10;   
22:50:10.914 ;1;0;10;   
22:50:10.962 ;0;0;10;   
22:50:10.962 ;1;0;10;   
22:50:10.962 ;1;0;10;   
22:50:10.962 ;1;0;10;   
22:50:10.962 ;1;0;10;   
22:50:11.010 ;1;0;10;   
22:50:11.010 ;1;0;10;   
22:50:11.010 ;0;0;10;   
22:50:11.010 ;1;0;10;   
22:50:11.057 ;1;0;10;   
22:50:11.057 ;1;0;10;   
22:50:11.057 ;1;0;10;   
22:50:11.057 ;1;1;10;   
22:50:11.057 ;1;0;10;   
22:50:11.104 ;1;0;10;   
22:50:11.104 ;1;0;10;   
22:50:11.104 ;1;0;10;   
22:50:11.104 ;0;0;10;   
22:50:11.150 ;1;0;10;   
22:50:11.150 ;1;0;10;   
22:50:11.150 ;0;0;10;   
22:50:11.150 ;0;0;10;   
22:50:11.150 ;0;0;10;   
22:50:11.198 ;1;0;10;   
22:50:11.198 ;1;0;10;   
22:50:11.198 ;1;0;10;   
22:50:11.198 ;1;0;10;   
22:50:11.245 ;0;0;10;   
22:50:11.245 ;0;0;10;   
22:50:11.245 ;0;0;10;   
22:50:11.245 ;0;0;10;   
22:50:11.245 ;0;1;10;   
22:50:11.292 ;0;0;10;   
22:50:11.292 ;0;0;10;   
22:50:11.292 ;0;0;10;   
22:50:11.292 ;0;0;10;   
22:50:11.339 ;0;1;10;   
22:50:11.339 ;0;0;10;   
22:50:11.339 ;-1;0;11;   
22:50:11.339 ;-1;0;10;   
22:50:11.339 ;0;0;10;   
22:50:11.387 ;0;0;10;   
22:50:11.387 ;0;0;10;   
22:50:11.387 ;-1;0;10;   
22:50:11.387 ;-1;0;11;   
22:50:11.387 ;-1;0;11;   
22:50:11.434 ;-1;0;11;   
22:50:11.434 ;-1;0;10;   
22:50:11.434 ;-1;0;10;   
22:50:11.434 ;-1;0;10;   
22:50:11.481 ;0;0;10;   
22:50:11.481 ;0;0;10;   
22:50:11.481 ;-1;0;10;   
22:50:11.481 ;-1;0;10;   
22:50:11.481 ;-1;0;10;   
22:50:11.529 ;0;0;10;   
22:50:11.529 ;0;0;10;   
22:50:11.529 ;0;0;10;   
22:50:11.529 ;0;0;10;   
22:50:11.576 ;0;0;10;   
22:50:11.576 ;0;0;10;   
22:50:11.576 ;0;0;10;   
22:50:11.576 ;0;0;10;   
22:50:11.576 ;0;0;10;   
22:50:11.623 ;0;0;10;   
22:50:11.623 ;1;0;10;   
22:50:11.623 ;1;0;10;   
22:50:11.623 ;0;0;10;   
22:50:11.623 ;1;0;10;   
22:50:11.671 ;1;0;10;   
22:50:11.671 ;1;0;10;   
22:50:11.671 ;1;0;10;   
22:50:11.671 ;1;0;10;   
22:50:11.718 ;1;0;10;   
22:50:11.718 ;1;0;10;   
22:50:11.718 ;2;0;10;   
22:50:11.718 ;1;0;10;   
22:50:11.718 ;2;0;10;   
22:50:11.766 ;2;0;10;   
22:50:11.766 ;3;1;11;   
22:50:11.766 ;2;0;10;   
22:50:11.766 ;2;0;10;   
22:50:11.814 ;2;0;11;   
22:50:11.814 ;2;0;10;   
22:50:11.814 ;2;1;10;   
22:50:11.814 ;2;0;10;   
22:50:11.814 ;2;0;10;   
22:50:11.862 ;2;0;10;   
22:50:11.862 ;2;0;10;   
22:50:11.862 ;2;0;10;   
22:50:11.862 ;2;0;10;   
22:50:11.862 ;2;1;10;   
22:50:11.910 ;2;1;10;   
22:50:11.910 ;2;0;10;   
22:50:11.910 ;2;0;10;   
22:50:11.910 ;2;0;9;   
22:50:11.957 ;2;0;10;   
22:50:11.957 ;2;0;10;   
22:50:11.957 ;2;0;10;   
22:50:11.957 ;2;0;10;   
22:50:11.957 ;2;0;10;   
22:50:12.004 ;2;0;10;   
22:50:12.004 ;2;0;10;   
22:50:12.004 ;1;0;10;   
22:50:12.004 ;1;0;11;   
22:50:12.051 ;1;0;10;   
22:50:12.051 ;1;0;10;   
22:50:12.051 ;1;0;10;   
22:50:12.051 ;1;0;10;   
22:50:12.051 ;1;1;10;   
22:50:12.099 ;1;0;10;   
22:50:12.099 ;1;0;10;   
22:50:12.099 ;1;0;10;   
22:50:12.099 ;1;0;10;   
22:50:12.099 ;1;0;10;   
22:50:12.147 ;1;0;10;   
22:50:12.147 ;1;0;10;   
22:50:12.147 ;1;0;10;   
22:50:12.147 ;1;0;10;   
22:50:12.195 ;0;0;10;   
22:50:12.195 ;1;0;10;   
22:50:12.195 ;1;0;10;   
22:50:12.195 ;1;0;10;   
22:50:12.195 ;1;0;10;   
22:50:12.243 ;1;0;10;   
22:50:12.243 ;1;0;10;   
22:50:12.243 ;1;0;10;   
22:50:12.243 ;1;0;10;   
22:50:12.243 ;1;0;10;   
22:50:12.291 ;1;0;10;   
22:50:12.291 ;1;0;10;   
22:50:12.291 ;1;1;10;   
22:50:12.291 ;1;0;10;   
22:50:12.338 ;1;0;10;   
22:50:12.338 ;1;0;11;   
22:50:12.338 ;1;0;10;   
22:50:12.338 ;1;0;10;   
22:50:12.338 ;1;0;10;   
22:50:12.386 ;1;0;10;   
22:50:12.386 ;1;0;10;   
22:50:12.386 ;1;0;10;   
22:50:12.386 ;1;0;10;   
22:50:12.434 ;1;0;10;   
22:50:12.434 ;1;0;10;   
22:50:12.434 ;1;0;10;   
22:50:12.434 ;1;0;10;   
22:50:12.434 ;1;0;10;   
22:50:12.481 ;1;0;10;   
22:50:12.481 ;1;0;10;   
22:50:12.481 ;1;0;10;   
22:50:12.481 ;1;0;10;   
22:50:12.481 ;1;0;10;   
22:50:12.529 ;1;0;10;   
22:50:12.529 ;1;0;10;   
22:50:12.529 ;1;0;10;   
22:50:12.529 ;1;0;10;   
22:50:12.577 ;1;0;10;   
22:50:12.577 ;1;0;10;   
22:50:12.577 ;1;0;10;   
22:50:12.577 ;1;0;10;   
22:50:12.577 ;1;0;10;   
22:50:12.624 ;1;0;10;   
22:50:12.624 ;1;0;10;   
22:50:12.624 ;1;0;10;   
22:50:12.624 ;1;0;10;   
22:50:12.672 ;1;0;10;   
22:50:12.672 ;1;0;10;   
22:50:12.672 ;1;0;10;   
22:50:12.672 ;1;0;10;   
22:50:12.672 ;1;0;10;   
22:50:12.720 ;1;0;10;   
22:50:12.720 ;1;0;10;   
22:50:12.720 ;1;0;10;   
22:50:12.720 ;1;0;10;   
22:50:12.720 ;1;0;10;   
22:50:12.768 ;1;0;10;   
22:50:12.768 ;1;0;10;   
22:50:12.768 ;1;0;10;   
22:50:12.768 ;1;0;10;   
22:50:12.815 ;1;0;10;   
22:50:12.815 ;1;0;10;   
22:50:12.815 ;1;0;10;   
22:50:12.815 ;1;0;10;   
22:50:12.815 ;1;0;10;   
22:50:12.863 ;1;0;10;   
22:50:12.863 ;1;0;10;   
22:50:12.863 ;1;0;10;   
22:50:12.863 ;1;0;10;   
22:50:12.911 ;1;0;10;   
22:50:12.911 ;1;0;10;   
22:50:12.911 ;1;0;10;   
22:50:12.911 ;1;0;10;   
22:50:12.911 ;1;0;10;   
22:50:12.959 ;1;0;10;   
22:50:12.959 ;1;0;10;   
22:50:12.959 ;1;0;10;   
22:50:12.959 ;1;0;10;   
22:50:12.959 ;1;0;10;   
22:50:13.007 ;1;0;10;   
22:50:13.007 ;1;0;10;   
22:50:13.007 ;1;0;10;   
22:50:13.007 ;1;0;10;   
22:50:13.055 ;1;0;10;   
22:50:13.055 ;1;0;10;   
22:50:13.055 ;1;0;10;   
22:50:13.055 ;1;0;10;   
22:50:13.055 ;1;0;10;   
22:50:13.103 ;1;0;10;   
22:50:13.103 ;1;0;10;   
22:50:13.103 ;1;0;10;   
22:50:13.103 ;1;0;10;   
22:50:13.103 ;1;0;10;   
22:50:13.151 ;1;0;10;   
22:50:13.151 ;1;0;10;   
22:50:13.151 ;1;0;10;   
22:50:13.151 ;1;0;10;   
22:50:13.199 ;1;0;10;   
22:50:13.199 ;1;0;10;   
22:50:13.199 ;1;0;10;   
22:50:13.199 ;1;0;10;   
22:50:13.199 ;1;0;10;   
22:50:13.246 ;1;0;10;   
22:50:13.246 ;1;0;10;   
22:50:13.246 ;1;0;10;   
22:50:13.246 ;1;0;10;   
22:50:13.246 ;1;0;10;   
22:50:13.294 ;1;0;10;   
22:50:13.294 ;1;0;10;   
22:50:13.294 ;1;0;10;   
22:50:13.294 ;1;0;10;   
22:50:13.342 ;1;0;10;   
22:50:13.342 ;1;0;10;   
22:50:13.342 ;1;0;10;   
22:50:13.342 ;1;0;10;   
22:50:13.342 ;1;0;10;   
22:50:13.388 ;1;0;10;   
22:50:13.388 ;1;0;10;   
22:50:13.388 ;1;0;10;   
22:50:13.388 ;1;0;10;   
22:50:13.435 ;1;0;10;   
22:50:13.435 ;1;0;10;   
22:50:13.435 ;1;0;10;   
22:50:13.435 ;1;0;10;   
22:50:13.435 ;1;0;10;   
22:50:13.482 ;1;0;10;   
22:50:13.482 ;1;0;10;   
22:50:13.482 ;1;0;10;   
22:50:13.482 ;1;0;10;   
22:50:13.529 ;1;0;10;   
22:50:13.529 ;1;0;10;   
22:50:13.529 ;1;0;10;   
22:50:13.529 ;1;0;10;   
22:50:13.529 ;1;0;10;   
22:50:13.574 ;1;0;10;   
22:50:13.574 ;1;0;10;   
22:50:13.574 ;1;0;10;   
22:50:13.574 ;1;0;10;   
22:50:13.622 ;1;0;10;   
22:50:13.622 ;1;0;10;   
22:50:13.622 ;1;0;10;   
22:50:13.622 ;1;0;10;   
22:50:13.622 ;1;0;10;   
22:50:13.669 ;1;0;10;   
22:50:13.669 ;1;0;10;   
22:50:13.669 ;1;0;10;   
22:50:13.669 ;1;0;10;   
22:50:13.716 ;1;0;10;   
22:50:13.716 ;1;0;10;   
22:50:13.716 ;1;0;10;   
22:50:13.716 ;1;0;10;   
22:50:13.716 ;1;0;10;   
22:50:13.763 ;1;0;10;   
22:50:13.763 ;1;0;10;   
22:50:13.763 ;1;0;10;   
22:50:13.763 ;1;0;10;   
22:50:13.763 ;1;0;10;   
22:50:13.811 ;1;0;10;   
22:50:13.811 ;1;0;10;   
22:50:13.811 ;1;0;10;   
22:50:13.811 ;1;0;10;   
22:50:13.859 ;1;0;10;   
22:50:13.859 ;1;0;10;   
22:50:13.859 ;1;0;10;   
22:50:13.859 ;1;0;10;   
22:50:13.859 ;1;0;10;   
22:50:13.906 ;1;0;10;   
22:50:13.906 ;1;0;10;   
22:50:13.906 ;1;0;10;   
22:50:13.906 ;1;0;10;   
22:50:13.954 ;1;0;10;   
22:50:13.954 ;1;0;10;   
22:50:13.954 ;1;0;10;   
22:50:13.954 ;1;0;10;   
22:50:13.954 ;1;0;10;   
22:50:14.002 ;1;0;10;   
22:50:14.002 ;1;0;10;   
22:50:14.002 ;1;0;10;   
22:50:14.002 ;1;0;10;   
22:50:14.002 ;1;0;10;   
22:50:14.049 ;1;0;10;   
22:50:14.049 ;1;0;10;   
22:50:14.049 ;1;0;10;   
22:50:14.049 ;1;0;10;   
22:50:14.097 ;1;0;10;   
22:50:14.097 ;1;0;10;   
22:50:14.097 ;1;0;10;   
22:50:14.097 ;1;0;10;   
22:50:14.097 ;1;0;10;   
22:50:14.145 ;1;0;10;   
22:50:14.145 ;1;0;10;   
22:50:14.145 ;1;0;10;   
22:50:14.145 ;1;0;10;   
22:50:14.145 ;1;0;10;   
22:50:14.193 ;1;0;10;   
22:50:14.193 ;1;0;10;   
22:50:14.193 ;1;0;10;   
22:50:14.193 ;1;0;10;   
22:50:14.241 ;1;0;10;   
22:50:14.241 ;1;0;10;   
22:50:14.241 ;1;0;10;   
22:50:14.241 ;1;0;10;   
22:50:14.241 ;1;0;10;   
22:50:14.289 ;1;0;10;   
22:50:14.289 ;1;0;10;   
22:50:14.289 ;1;0;10;   
22:50:14.289 ;1;0;10;   
22:50:14.289 ;1;0;10;   
22:50:14.337 ;1;0;10;   
22:50:14.337 ;1;0;10;   
22:50:14.337 ;1;0;10;   
22:50:14.337 ;1;0;10;   
22:50:14.384 ;1;0;10;   
22:50:14.384 ;1;0;10;   
22:50:14.384 ;1;0;10;   
22:50:14.384 ;1;0;10;   
22:50:14.384 ;1;0;10;   
22:50:14.432 ;1;0;10;   
22:50:14.432 ;1;0;10;   
22:50:14.432 ;1;0;10;   
22:50:14.432 ;1;0;10;   
22:50:14.479 ;1;0;10;   
22:50:14.479 ;1;0;10;   
22:50:14.479 ;1;0;10;   
22:50:14.479 ;1;0;10;   
22:50:14.479 ;1;0;10;   
22:50:14.527 ;1;0;10;   
22:50:14.527 ;1;0;10;   
22:50:14.527 ;1;0;10;   
22:50:14.527 ;1;0;10;   
22:50:14.527 ;1;0;10;   
22:50:14.574 ;1;0;10;   
22:50:14.574 ;1;0;10;   
22:50:14.574 ;1;0;10;   
22:50:14.574 ;1;0;10;   
22:50:14.622 ;1;0;10;   
22:50:14.622 ;1;0;10;   
22:50:14.622 ;1;0;10;   
22:50:14.622 ;1;0;10;   
22:50:14.622 ;1;0;10;   
22:50:14.668 ;1;0;10;   
22:50:14.668 ;1;0;10;   
22:50:14.668 ;1;0;10;   
22:50:14.668 ;1;0;10;   
22:50:14.715 ;1;0;10;   
22:50:14.715 ;1;0;10;   
22:50:14.715 ;1;0;10;   
22:50:14.715 ;1;0;10;   
22:50:14.715 ;1;0;10;   
22:50:14.764 ;1;0;10;   
22:50:14.764 ;1;0;10;   
22:50:14.764 ;1;0;10;   
22:50:14.764 ;1;0;10;   
22:50:14.810 ;1;0;10;   
22:50:14.810 ;1;0;10;   
22:50:14.810 ;1;0;10;   
22:50:14.810 ;1;0;10;   
22:50:14.810 ;1;0;10;   
22:50:14.858 ;1;0;10;   
22:50:14.858 ;1;0;10;   
22:50:14.858 ;1;0;10;   
22:50:14.858 ;1;0;10;   
22:50:14.858 ;1;0;10;   
22:50:14.906 ;1;0;10;   
22:50:14.906 ;1;0;10;   
22:50:14.906 ;1;0;10;   
22:50:14.906 ;1;0;10;   
22:50:14.954 ;1;0;10;   
22:50:14.954 ;1;0;10;   
22:50:14.954 ;1;0;10;   
22:50:14.954 ;1;0;10;   
22:50:14.954 ;1;0;10;   
22:50:15.001 ;1;0;10;   
22:50:15.001 ;1;0;10;   
22:50:15.001 ;1;0;10;   
22:50:15.001 ;1;0;10;   
22:50:15.049 ;1;0;10;   
22:50:15.049 ;1;0;10;   
22:50:15.049 ;1;0;10;   
22:50:15.049 ;1;0;10;   
22:50:15.049 ;1;0;10;   
22:50:15.095 ;1;0;10;   
22:50:15.095 ;1;0;10;   
22:50:15.095 ;1;0;10;   
22:50:15.095 ;1;0;10;   
22:50:15.143 ;1;0;10;   
22:50:15.143 ;1;0;10;   
22:50:15.143 ;1;0;10;   
22:50:15.143 ;1;0;10;   
22:50:15.143 ;1;0;10;   
22:50:15.191 ;1;0;10;   
22:50:15.191 ;1;0;10;   
22:50:15.191 ;1;0;10;   
22:50:15.191 ;1;0;10;   
22:50:15.191 ;1;0;10;   
22:50:15.239 ;1;0;10;   
22:50:15.239 ;1;0;10;   
22:50:15.239 ;1;0;10;   
22:50:15.239 ;1;0;10;   
22:50:15.287 ;1;0;10;   
22:50:15.287 ;1;0;10;   
22:50:15.287 ;1;0;10;   
22:50:15.287 ;1;0;10;   
22:50:15.287 ;1;0;10;   
22:50:15.334 ;1;0;10;   
22:50:15.334 ;1;0;10;   
22:50:15.334 ;1;0;10;   
22:50:15.334 ;1;0;10;   
22:50:15.334 ;1;0;10;   
22:50:15.382 ;1;0;10;   
22:50:15.382 ;1;0;10;   
22:50:15.382 ;1;0;10;   
22:50:15.382 ;1;0;10;   
22:50:15.430 ;1;0;10;   
22:50:15.430 ;1;0;10;   
22:50:15.430 ;1;0;10;   
22:50:15.430 ;1;0;10;   
22:50:15.430 ;1;0;10;   
22:50:15.478 ;1;0;10;   
22:50:15.478 ;1;0;10;   
22:50:15.478 ;1;0;10;   
22:50:15.478 ;1;0;10;   
22:50:15.478 ;1;0;10;   
22:50:15.525 ;1;0;10;   
22:50:15.525 ;1;0;10;   
22:50:15.525 ;1;0;10;   
22:50:15.525 ;1;0;10;   
22:50:15.573 ;1;0;10;   
22:50:15.573 ;1;0;10;   
22:50:15.573 ;1;0;10;   
22:50:15.573 ;1;0;10;   
22:50:15.573 ;1;0;10;   
22:50:15.621 ;1;0;10;   
22:50:15.621 ;1;0;10;   
22:50:15.621 ;1;0;10;   
22:50:15.621 ;1;0;10;   
22:50:15.669 ;1;0;10;   
22:50:15.669 ;1;0;10;   
22:50:15.669 ;1;0;10;   
22:50:15.669 ;1;0;10;   
22:50:15.669 ;1;0;10;   
22:50:15.717 ;1;0;10;   
22:50:15.717 ;1;0;10;   
22:50:15.717 ;1;0;10;   
22:50:15.717 ;1;0;10;   
22:50:15.717 ;1;0;10;   
22:50:15.765 ;1;0;10;   
22:50:15.765 ;1;0;10;   
22:50:15.765 ;1;0;10;   
22:50:15.765 ;1;0;10;   
22:50:15.812 ;1;0;10;   
22:50:15.812 ;1;0;10;   
22:50:15.812 ;1;0;10;   
22:50:15.812 ;1;0;10;   
22:50:15.812 ;1;0;10;   
22:50:15.859 ;1;0;10;   
22:50:15.859 ;1;0;10;   
22:50:15.859 ;1;0;10;   
22:50:15.859 ;1;0;10;   
22:50:15.906 ;1;0;10;   
22:50:15.906 ;1;0;10;   
22:50:15.906 ;1;0;10;   
22:50:15.906 ;1;0;10;   
22:50:15.906 ;1;0;10;   
22:50:15.954 ;1;0;10;   
22:50:15.954 ;1;0;10;   
22:50:15.954 ;1;0;10;   
22:50:15.954 ;1;0;10;   
22:50:15.954 ;1;0;10;   
22:50:16.000 ;1;0;10;   
22:50:16.000 ;1;0;10;   
22:50:16.000 ;1;0;10;   
22:50:16.000 ;1;0;10;   
22:50:16.048 ;1;0;10;   
22:50:16.048 ;1;0;10;   
22:50:16.048 ;1;0;10;   
22:50:16.048 ;1;0;10;   
22:50:16.048 ;1;0;10;   
22:50:16.095 ;1;0;10;   
22:50:16.095 ;1;0;10;   
22:50:16.095 ;1;0;10;   
22:50:16.095 ;1;0;10;   
22:50:16.143 ;1;0;10;   
22:50:16.143 ;1;0;10;   
22:50:16.143 ;1;0;10;   
22:50:16.143 ;1;0;10;   
22:50:16.143 ;1;0;10;   
22:50:16.190 ;1;0;10;   
22:50:16.190 ;1;0;10;   
22:50:16.190 ;1;0;10;   
22:50:16.190 ;1;0;10;   
22:50:16.238 ;1;0;10;   
22:50:16.238 ;1;0;10;   
22:50:16.238 ;1;0;10;   
22:50:16.238 ;1;0;10;   
22:50:16.238 ;1;0;10;   
22:50:16.286 ;1;0;10;   
22:50:16.286 ;1;0;10;   
22:50:16.286 ;1;0;10;   
22:50:16.286 ;1;0;10;   
22:50:16.286 ;1;0;10;   
22:50:16.333 ;1;0;10;   
22:50:16.333 ;1;0;10;   
22:50:16.333 ;1;0;10;   
22:50:16.333 ;1;0;10;   
22:50:16.380 ;1;0;10;   
22:50:16.380 ;1;0;10;   
22:50:16.380 ;1;0;10;   
22:50:16.380 ;1;0;10;   
22:50:16.380 ;1;0;10;   
22:50:16.427 ;1;0;10;   
22:50:16.427 ;1;0;10;   
22:50:16.427 ;1;0;10;   
22:50:16.427 ;1;0;10;   
22:50:16.475 ;1;0;10;   
22:50:16.475 ;1;0;10;   
22:50:16.475 ;1;0;10;   
22:50:16.475 ;1;0;10;   
22:50:16.475 ;1;0;10;   
22:50:16.523 ;1;0;10;   
22:50:16.523 ;1;0;10;   
22:50:16.523 ;1;0;10;   
22:50:16.523 ;1;0;10;   
22:50:16.523 ;1;0;10;   
22:50:16.571 ;1;0;10;   
22:50:16.571 ;1;0;10;   
22:50:16.571 ;1;0;10;   
22:50:16.571 ;1;0;10;   
22:50:16.618 ;1;0;10;   
22:50:16.618 ;1;0;10;   
22:50:16.618 ;1;0;10;   
22:50:16.618 ;1;0;10;   
22:50:16.618 ;1;0;10;   
22:50:16.665 ;1;0;10;   
22:50:16.665 ;1;0;10;   
22:50:16.665 ;1;0;10;   
22:50:16.665 ;1;0;10;   
22:50:16.712 ;1;0;10;   
22:50:16.712 ;1;0;10;   
22:50:16.712 ;1;0;10;   
22:50:16.712 ;1;0;10;   
22:50:16.712 ;1;0;10;   
22:50:16.760 ;1;0;10;   
22:50:16.760 ;1;0;10;   
22:50:16.760 ;1;0;10;   
22:50:16.760 ;1;0;10;   
22:50:16.760 ;1;0;10;   
22:50:16.808 ;1;0;10;   
22:50:16.808 ;1;0;10;   
22:50:16.808 ;1;0;10;   
22:50:16.808 ;1;0;10;   
22:50:16.856 ;1;0;10;   
22:50:16.856 ;1;0;10;   
22:50:16.856 ;1;0;10;   
22:50:16.856 ;1;0;10;   
22:50:16.856 ;1;0;10;   
22:50:16.904 ;1;0;10;   
22:50:16.904 ;1;0;10;   
22:50:16.904 ;1;0;10;   
22:50:16.904 ;1;0;10;   
22:50:16.904 ;1;0;10;   
22:50:16.951 ;1;0;10;   
22:50:16.951 ;1;0;10;   
22:50:16.951 ;1;0;10;   
22:50:16.951 ;1;0;10;   
